{
    "captureZones": [{
        "x": -4.71317434,
        "y": -1.32844758,
        "z": 6.909651,
        "normalized": {
            "x": -0.5565281,
            "y": -0.1568621,
            "z": 0.8158864,
            "normalized": {
                "x": -0.556528151,
                "y": -0.15686211,
                "z": 0.8158865,
                "magnitude": 1.0,
                "sqrMagnitude": 1.0
            },
            "magnitude": 0.9999999,
            "sqrMagnitude": 0.9999998
        },
        "magnitude": 8.468888,
        "sqrMagnitude": 71.72206
    }, {
        "x": -33.8635368,
        "y": 11.9808159,
        "z": 39.00471,
        "normalized": {
            "x": -0.6386339,
            "y": 0.225946724,
            "z": 0.735591531,
            "magnitude": 1.0,
            "sqrMagnitude": 1.00000012
        },
        "magnitude": 53.02496,
        "sqrMagnitude": 2811.64648
    }],
    "throwable": [{
        "x": -25.6815643,
        "y": 1.65384448,
        "z": -24.9059067,
        "normalized": {
            "x": -0.7170986,
            "y": 0.0461798,
            "z": -0.6954402,
            "magnitude": 1.0,
            "sqrMagnitude": 1.0
        },
        "magnitude": 35.8131561,
        "sqrMagnitude": 1282.58215
    }, {
        "x": 29.0113926,
        "y": -1.94646585,
        "z": -0.959569454,
        "normalized": {
            "x": 0.99721396,
            "y": -0.06690623,
            "z": -0.03298346,
            "magnitude": 1.0,
            "sqrMagnitude": 1.0
        },
        "magnitude": 29.0924454,
        "sqrMagnitude": 846.3704
    }],
    "spawnPointsTeamA": [{
        "x": -21.4856224,
        "y": -0.659872532,
        "z": -7.661362,
        "normalized": {
            "x": -0.941515565,
            "y": -0.0289160945,
            "z": -0.33572647,
            "normalized": {
                "x": -0.9415156,
                "y": -0.0289160963,
                "z": -0.3357265,
                "magnitude": 1.0,
                "sqrMagnitude": 1.00000012
            },
            "magnitude": 0.99999994,
            "sqrMagnitude": 0.99999994
        },
        "magnitude": 22.8202515,
        "sqrMagnitude": 520.763855
    }, {
        "x": 1.53787255,
        "y": 1.05821109,
        "z": 36.20966,
        "normalized": {
            "x": 0.0424150042,
            "y": 0.0291857924,
            "z": 0.998673737,
            "magnitude": 1.0,
            "sqrMagnitude": 1.00000012
        },
        "magnitude": 36.2577477,
        "sqrMagnitude": 1314.62427
    }],
    "spawnPointsTeamB": [{
        "x": 53.56925,
        "y": 29.2810879,
        "z": -17.5653458,
        "normalized": {
            "x": 0.8432613,
            "y": 0.460928768,
            "z": -0.2765052,
            "magnitude": 1.0,
            "sqrMagnitude": 1.00000012
        },
        "magnitude": 63.5262756,
        "sqrMagnitude": 4035.588
    }, {
        "x": -17.4701862,
        "y": 6.338216,
        "z": 29.7056084,
        "normalized": {
            "x": -0.498577982,
            "y": 0.180885017,
            "z": 0.8477621,
            "magnitude": 1.0,
            "sqrMagnitude": 1.0
        },
        "magnitude": 35.0400276,
        "sqrMagnitude": 1227.80347
    }]
}